<?xml version="1.0" encoding="UTF-8"?>
<?xml-stylesheet type="text/xsl" href="info.xsl"?>
<INFORMATIONS>
	<INFO id="1" type="Informacje drogowe">
		<CREATE_ID>jan.kowalski</CREATE_ID>
		<CREATE_DATE>10/01/07, 13:00:20</CREATE_DATE>
		<UPDATE_DATE sortDate="100216134210">10/02/16, 13:42:10</UPDATE_DATE>
		<CONFIRMED>false</CONFIRMED>
		<HEADER>Utrudnienia na drodze A1</HEADER>
		<TEXT>Donec feugiat eleifend venenatis. Ut nec malesuada eros. Maecenas nec massa bibendum elit fermentum tempor. Suspendisse vitae facilisis dolor. Nunc aliquam venenatis commodo. Fusce sit amet metus justo, ut volutpat nunc. Nam vitae turpis eget velit posuere congue. Vestibulum eu ante dolor, eget laoreet enim. Morbi ante augue, rhoncus vitae posuere vel, pharetra vel turpis. Sed id pellentesque mi. Vivamus convallis nibh eget justo auctor nec mollis est rutrum. Quisque imperdiet laoreet scelerisque. Etiam tempus lacinia dictum. Donec ultrices tincidunt mauris et vulputate.</TEXT>
	</INFO>
	<INFO id="2" type="Informacje drogowe">
		<CREATE_ID>owner</CREATE_ID>
		<CREATE_DATE>10/01/07, 13:00:20</CREATE_DATE>
		<UPDATE_DATE sortDate="100222121818">10/02/22, 12:18:18</UPDATE_DATE>
		<CONFIRMED>false</CONFIRMED>
		<HEADER>Utrudnienia na drodze A4</HEADER>
		<TEXT>Quisque enim magna, sagittis vel rutrum eget, tristique ut lacus. Nullam ullamcorper faucibus elit in vehicula. Maecenas sit amet turpis sit amet velit imperdiet laoreet. Pellentesque eget massa et ante lacinia imperdiet eu nec magna. Praesent elit nisl, aliquam sed aliquam eget, molestie in libero. Mauris vel augue dolor, vel auctor orci. Ut eu augue sit amet dui interdum venenatis vel eu erat. Maecenas libero nunc, molestie ac aliquam id, iaculis et leo. Aliquam venenatis mattis laoreet. Mauris ut est quam. Phasellus congue iaculis pretium. In id aliquet tellus.</TEXT>
	</INFO>
	<INFO id="3" type="Inne informacje">
		<CREATE_ID>johnny.bravo</CREATE_ID>
		<CREATE_DATE>10/01/07, 13:00:20</CREATE_DATE>
		<UPDATE_DATE sortDate="100218134215">10/02/18, 13:42:15</UPDATE_DATE>
		<CONFIRMED>false</CONFIRMED>
		<HEADER>Costam sie stało</HEADER>
		<TEXT>Phasellus in erat metus. Sed mattis, leo sed volutpat faucibus, enim nisl molestie nunc, nec sodales dolor nunc vitae odio. Aliquam erat volutpat. Ut bibendum risus sed velit mattis ac imperdiet est porttitor. Vivamus felis nisi, laoreet nec laoreet et, dignissim at purus. Morbi imperdiet mollis consequat. Proin imperdiet gravida velit, non facilisis sem ultrices interdum. Duis elementum tristique suscipit. Vestibulum ante ipsum primis in faucibus orci luctus et ultrices posuere cubilia Curae; Ut quis elit dolor.</TEXT>
	</INFO>
	<INFO id="4" type="Inne informacje">
		<CREATE_ID>robert21</CREATE_ID>
		<CREATE_DATE>10/01/07, 13:00:20</CREATE_DATE>
		<UPDATE_DATE sortDate="100217134215">10/02/17, 13:42:15</UPDATE_DATE>
		<CONFIRMED>false</CONFIRMED>
		<HEADER>Costam sie znowu stało</HEADER>
		<TEXT>In pharetra, tellus in pellentesque posuere, arcu sem dignissim ligula, eget egestas libero mauris sit amet quam. Vestibulum imperdiet lobortis arcu, ac iaculis elit fermentum vitae. Phasellus convallis, mauris vel dictum interdum, lacus diam blandit enim, id mollis leo mi a elit. Quisque nisl dolor, interdum mollis pretium in, sagittis in leo. Curabitur felis justo, consectetur nec fringilla eu, vehicula quis arcu. In hac habitasse platea dictumst. Vestibulum ante ipsum primis in faucibus orci luctus et ultrices posuere cubilia Curae; Morbi laoreet risus at mauris facilisis eu fringilla diam pulvinar. Fusce condimentum tristique odio, a mollis erat aliquam vel. Donec rutrum, leo eu condimentum porttitor, sapien enim accumsan mauris, at sagittis risus mauris sed orci. Sed mollis pulvinar lorem, sit amet faucibus ligula ullamcorper quis. Aenean mollis sodales venenatis. Mauris in tortor nec mi rutrum cursus a eget quam. Nullam at rutrum dolor.</TEXT>
	</INFO>
	<INFO id="5" type="Inne informacje">
		<CREATE_ID>owner</CREATE_ID>
		<CREATE_DATE>10/02/21, 17:04:55</CREATE_DATE>
		<UPDATE_DATE sortDate="100221170455">10/02/21, 17:04:55</UPDATE_DATE>
		<CONFIRMED>false</CONFIRMED>
		<HEADER>Coś tam nowego</HEADER>
		<TEXT>Lorem ipsum dolor sit amet, consectetur adipiscing elit. Donec volutpat vehicula laoreet. Quisque tincidunt, metus faucibus scelerisque lobortis, eros dolor imperdiet nibh, et iaculis elit tellus non purus. Suspendisse in auctor magna. Phasellus est nunc, ultrices cursus pharetra et, ullamcorper vitae neque. Vestibulum laoreet est sed odio tempor molestie. Nulla dapibus hendrerit elit ac hendrerit. Morbi tristique dictum mauris vel semper. Vivamus posuere porttitor tempor. Morbi hendrerit imperdiet ante ut eleifend. Duis id neque dui, vel sodales risus. Vestibulum scelerisque nulla bibendum magna adipiscing accumsan nec a eros. In hac habitasse platea dictumst. Nullam vehicula mollis fermentum. Nam non ipsum tortor, non consectetur lectus. In non pharetra ipsum. Nunc dapibus purus id elit ornare porta. Vivamus euismod facilisis purus, sed aliquet felis condimentum eu. Ut mollis risus et sem ullamcorper tristique. Curabitur blandit iaculis ornare.</TEXT>
	</INFO>
</INFORMATIONS>
